Source,Destination,Weight
DXB,MUC,6.496456449343535
DXB,CDG,8.46477747266447
DXB,BKK,4.16729846979941
DXB,FRA,5.774033205506086
DXB,SHA,5.558462051921522
DXB,PEK,6.418974029667958
DXB,SEA,9.44199220769461
DXB,CAN,5.395500373820427
DXB,SVO,5.8038229284479605
DXB,CLT,3.3541186903771134
DXB,LAX,6.897111381019408
DXB,MSP,9.595744910554455
DXB,DFW,4.212784544570809
DXB,SFO,9.290365620664351
DXB,YYZ,8.538160237210477
DXB,ZRH,4.107675545139843
DXB,VIE,7.320674023993765
DXB,MAD,9.759964062875229
DXB,MIA,4.517920179126235
DXB,PHL,6.334089182290903
DXB,LAS,9.603079229493998
DXB,LHR,2.8947457631598024
DXB,MNL,5.142889628350017
DXB,FCO,5.3104068999524365
DXB,JFK,4.933834780650203
DXB,MEL,9.618863340880917
DXB,BOM,7.261103596957986
DXB,DEL,7.82418519775886
DXB,BCN,1.5411151562842853
DXB,DTW,9.349889889452646
DXB,PHX,2.7243785513081114
DXB,DOH,8.876815687522885
DXB,SIN,9.196475994937312
DXB,ATL,2.0065884433866055
DXB,MCO,5.1667853958010115
DXB,IAH,2.655487025015984
DXB,BRU,1.7898094766305965
DXB,IST,9.520287559409674
DXB,PVG,1.75050277992723
DXB,AMS,9.18439480441564
DXB,ORD,3.7893897536468235
DXB,KUL,1.6494123653987716
DXB,CGK,3.697320997705713
DXB,NRT,3.530810752954446
DXB,HND,7.601060550904223
DXB,LGW,2.1134339036815843
DXB,SYD,3.138249478164111
DXB,GRU,9.477933049047644
DXB,DEN,4.265226909070038
MUC,DXB,1.3129166348365886
MUC,CDG,6.597244873916122
MUC,BKK,2.288812335188746
MUC,FRA,7.4416206000491725
MUC,SHA,1.0033647567976267
MUC,PEK,7.315639074847196
MUC,SEA,7.86538365721145
MUC,CAN,9.996403941630767
MUC,SVO,3.4932711311581324
MUC,CLT,3.8411218755216776
MUC,LAX,7.93679408077946
MUC,MSP,6.973760050594362
MUC,DFW,3.707650310184128
MUC,SFO,8.453956941411505
MUC,YYZ,5.208941241726104
MUC,ZRH,8.928848900940832
MUC,VIE,8.252614063241735
MUC,MAD,4.959263220075541
MUC,MIA,2.2049960315569823
MUC,PHL,8.575247069356267
MUC,LAS,6.874668319576214
MUC,LHR,6.158197427792685
MUC,MNL,7.674309603597008
MUC,FCO,4.11215515787683
MUC,JFK,2.184508298412966
MUC,MEL,3.094761495728743
MUC,BOM,5.598145819480987
MUC,DEL,8.395093418331445
MUC,BCN,5.9762396835476
MUC,DTW,8.620974409831312
MUC,PHX,1.854816389218141
MUC,DOH,2.5409164047168997
MUC,SIN,5.0338595393879695
MUC,ATL,6.1491419483474825
MUC,MCO,3.3276283712695403
MUC,IAH,2.8543822787534143
MUC,BRU,3.3057220268723193
MUC,IST,5.142084645216373
MUC,PVG,3.362178454226946
MUC,AMS,5.4881746695987434
MUC,ORD,5.325008179066561
MUC,KUL,1.5065704488264164
MUC,CGK,7.47501129979521
MUC,NRT,6.836520127249854
MUC,HND,4.00608017924982
MUC,LGW,5.227631931651216
MUC,SYD,8.092292741882057
MUC,GRU,6.804949073614929
MUC,DEN,9.414080152542967
CDG,DXB,4.841648370203691
CDG,MUC,6.10059628250883
CDG,BKK,2.9373439549649567
CDG,FRA,3.785950206632238
CDG,SHA,3.4766322873160713
CDG,PEK,3.128127590213238
CDG,SEA,5.882098293255485
CDG,CAN,3.5895850406850816
CDG,SVO,6.29664780963454
CDG,CLT,8.217844226018762
CDG,LAX,8.139214919143615
CDG,MSP,8.208043046564754
CDG,DFW,2.7191297869967226
CDG,SFO,4.925615202830372
CDG,YYZ,9.135334197885204
CDG,ZRH,7.3666182803900035
CDG,VIE,4.162476039658484
CDG,MAD,7.958193920514429
CDG,MIA,7.736501354309295
CDG,PHL,4.292921665312075
CDG,LAS,4.922339521630726
CDG,LHR,9.038787570598563
CDG,MNL,4.7118523657322795
CDG,FCO,8.514988438927423
CDG,JFK,5.7157333705788265
CDG,MEL,8.060149693145478
CDG,BOM,7.444918879608601
CDG,DEL,4.096646034596729
CDG,BCN,9.70868282794053
CDG,DTW,7.253876582730155
CDG,PHX,3.9772624433927954
CDG,DOH,3.525809656741143
CDG,SIN,2.660789004382052
CDG,ATL,3.9963557003783436
CDG,MCO,9.01909419139829
CDG,IAH,3.446805311616752
CDG,BRU,2.6552942607509897
CDG,IST,2.0830493401145316
CDG,PVG,2.5820008041240485
CDG,AMS,4.844168938902876
CDG,ORD,2.5553433871443336
CDG,KUL,4.186164104431946
CDG,CGK,3.6525603914232354
CDG,NRT,3.2994540252580773
CDG,HND,3.5102809514934017
CDG,LGW,4.111630124608159
CDG,SYD,2.3282269192888965
CDG,GRU,1.2614628999719817
CDG,DEN,8.117148804703426
BKK,DXB,7.892912813844825
BKK,MUC,9.698980154302111
BKK,CDG,7.476229564176421
BKK,FRA,7.462582722201985
BKK,SHA,5.107683887588288
BKK,PEK,4.739591276911943
BKK,SEA,4.748340638590328
BKK,CAN,1.004941096218701
BKK,SVO,2.1117261760309685
BKK,CLT,5.964409712129889
BKK,LAX,1.5044335193186258
BKK,MSP,8.072625448856286
BKK,DFW,9.861643052361321
BKK,SFO,6.57163292371545
BKK,YYZ,1.717609916080225
BKK,ZRH,7.166222230745628
BKK,VIE,3.73051304121733
BKK,MAD,2.979035785910108
BKK,MIA,9.983919607952942
BKK,PHL,3.1920664734322495
BKK,LAS,5.202367424781788
BKK,LHR,8.437348159254507
BKK,MNL,6.32176335400838
BKK,FCO,9.856785107659825
BKK,JFK,9.802642065046836
BKK,MEL,4.381813296629169
BKK,BOM,8.903805534521421
BKK,DEL,4.373337600448904
BKK,BCN,4.647726232369262
BKK,DTW,2.9106541745856123
BKK,PHX,5.351098575801599
BKK,DOH,1.1698662042998147
BKK,SIN,4.47564488774324
BKK,ATL,5.057807527266102
BKK,MCO,2.403551881312586
BKK,IAH,9.004680884456112
BKK,BRU,4.307791761404554
BKK,IST,2.98229850396977
BKK,PVG,4.364711111416268
BKK,AMS,3.2853869652665137
BKK,ORD,9.309207486774003
BKK,KUL,4.786733193803997
BKK,CGK,7.461566115480306
BKK,NRT,1.0491059408571712
BKK,HND,2.8676048813230834
BKK,LGW,9.68505806825959
BKK,SYD,5.445210941014309
BKK,GRU,7.489995335382554
BKK,DEN,4.207730854738004
FRA,DXB,6.7801616916653735
FRA,MUC,2.7371892817896484
FRA,CDG,3.286978231331327
FRA,BKK,3.528184228282746
FRA,SHA,5.729244557306569
FRA,PEK,1.6014626450421607
FRA,SEA,1.9219510523518233
FRA,CAN,1.004130438436742
FRA,SVO,2.006277276295207
FRA,CLT,2.341150685097486
FRA,LAX,4.081373145249474
FRA,MSP,8.717692066976928
FRA,DFW,2.403970942700334
FRA,SFO,6.8457382425386255
FRA,YYZ,8.45633705174787
FRA,ZRH,8.1462719488976
FRA,VIE,2.390648471116513
FRA,MAD,3.2245043611631763
FRA,MIA,8.960243101724203
FRA,PHL,3.237598270169184
FRA,LAS,7.449630341974107
FRA,LHR,7.547886576502105
FRA,MNL,8.59874739661345
FRA,FCO,4.86514930534365
FRA,JFK,4.218077399927594
FRA,MEL,1.0825041057384053
FRA,BOM,3.3126303065640688
FRA,DEL,9.728131808016412
FRA,BCN,1.0765813366502845
FRA,DTW,6.900671045321
FRA,PHX,2.83586266375415
FRA,DOH,8.211902922331667
FRA,SIN,8.718171502975599
FRA,ATL,4.3499158790774395
FRA,MCO,6.444752045215931
FRA,IAH,5.697090223684127
FRA,BRU,4.7572000273771025
FRA,IST,9.529413076879148
FRA,PVG,9.067178586359711
FRA,AMS,9.245007035839775
FRA,ORD,3.931666406048534
FRA,KUL,5.2833393758256095
FRA,CGK,2.839212130074668
FRA,NRT,4.583373326258911
FRA,HND,3.5447041181008574
FRA,LGW,8.34075084648337
FRA,SYD,4.004206710348462
FRA,GRU,6.125511701153629
FRA,DEN,1.3807021579076015
SHA,DXB,8.745098758403525
SHA,MUC,6.81556470364429
SHA,CDG,3.575817502938187
SHA,BKK,4.520082457332071
SHA,FRA,3.672351000013725
SHA,PEK,6.103951938371447
SHA,SEA,6.468300163018737
SHA,CAN,4.853808183091721
SHA,SVO,6.458447392076241
SHA,CLT,9.4761166224579
SHA,LAX,7.564988228040006
SHA,MSP,3.0224459470237237
SHA,DFW,5.9034174790129965
SHA,SFO,3.992759137600032
SHA,YYZ,1.575446976660714
SHA,ZRH,8.93311037676673
SHA,VIE,2.853684680573804
SHA,MAD,5.835253647373295
SHA,MIA,8.706815285897674
SHA,PHL,9.390933575817712
SHA,LAS,9.789803058412037
SHA,LHR,7.949626387780064
SHA,MNL,3.7967065512440117
SHA,FCO,9.711043720472247
SHA,JFK,2.9666110517468294
SHA,MEL,2.450496445604633
SHA,BOM,9.220771083288398
SHA,DEL,6.646036612754149
SHA,BCN,8.05938607602588
SHA,DTW,3.5413000820551517
SHA,PHX,8.972553031904642
SHA,DOH,1.884859515375374
SHA,SIN,5.738378991038843
SHA,ATL,6.910959142278191
SHA,MCO,5.73171295369368
SHA,IAH,9.656190412220509
SHA,BRU,6.174767274810559
SHA,IST,9.592891467487394
SHA,PVG,8.350450687679611
SHA,AMS,8.67058269403938
SHA,ORD,1.307783459889409
SHA,KUL,9.273637221523378
SHA,CGK,8.820500067957898
SHA,NRT,7.162872379482122
SHA,HND,4.756840352718042
SHA,LGW,7.392345778998532
SHA,SYD,3.1971134566306167
SHA,GRU,9.695229790916157
SHA,DEN,2.8921508339639668
PEK,DXB,1.1558569695977328
PEK,MUC,4.2869949421074764
PEK,CDG,3.547587803718977
PEK,BKK,1.6282951802969607
PEK,FRA,2.527935297173397
PEK,SHA,5.144868717177444
PEK,SEA,4.920058231341997
PEK,CAN,3.8645919020360293
PEK,SVO,9.851055354943657
PEK,CLT,7.9124580088188985
PEK,LAX,7.2292094808274685
PEK,MSP,6.945340467655926
PEK,DFW,7.50032890537922
PEK,SFO,9.359322519572316
PEK,YYZ,5.354257267524506
PEK,ZRH,4.40095703603507
PEK,VIE,9.722308973378736
PEK,MAD,6.110191302200433
PEK,MIA,3.321484103714223
PEK,PHL,2.8645088666217933
PEK,LAS,5.900430391074621
PEK,LHR,1.4125582942774528
PEK,MNL,9.342218211731039
PEK,FCO,4.234324600128868
PEK,JFK,3.946070095384875
PEK,MEL,3.560394424854633
PEK,BOM,4.357333419748317
PEK,DEL,7.690285835612833
PEK,BCN,3.6029610797338227
PEK,DTW,4.338667512085756
PEK,PHX,2.272213430706687
PEK,DOH,1.578409470332999
PEK,SIN,6.91681533844517
PEK,ATL,6.570162821542427
PEK,MCO,9.977223290063371
PEK,IAH,2.3642977846799806
PEK,BRU,8.399401397958645
PEK,IST,9.394260610803006
PEK,PVG,1.6550082968698296
PEK,AMS,8.96913345727332
PEK,ORD,6.673015553431894
PEK,KUL,4.069961387519371
PEK,CGK,1.0561075163431137
PEK,NRT,6.4498139676438635
PEK,HND,5.196255841967852
PEK,LGW,2.802333551285054
PEK,SYD,4.46813903829011
PEK,GRU,1.8652881304739282
PEK,DEN,2.594633358357717
SEA,DXB,5.714073915991448
SEA,MUC,7.648515899271953
SEA,CDG,6.500309819739754
SEA,BKK,9.39071792761458
SEA,FRA,1.3619892660432509
SEA,SHA,8.20056600747693
SEA,PEK,5.690480716463124
SEA,CAN,4.620087132388744
SEA,SVO,1.3147895731773727
SEA,CLT,2.7838788422925402
SEA,LAX,6.0810794109407285
SEA,MSP,2.9771136416585007
SEA,DFW,1.025655966257693
SEA,SFO,5.2535214478357775
SEA,YYZ,5.395173987835038
SEA,ZRH,8.106915776363321
SEA,VIE,5.621829122498693
SEA,MAD,6.525165784207271
SEA,MIA,5.2212431684890905
SEA,PHL,8.958045070330762
SEA,LAS,6.72988211824466
SEA,LHR,8.063098511180314
SEA,MNL,1.5593275027831799
SEA,FCO,4.556068277190248
SEA,JFK,4.062475261417281
SEA,MEL,2.9768589268280348
SEA,BOM,7.9378712403971345
SEA,DEL,3.928925740617249
SEA,BCN,1.195751463380842
SEA,DTW,9.130882076524713
SEA,PHX,5.712684353940154
SEA,DOH,9.045901249582535
SEA,SIN,8.383984863282905
SEA,ATL,8.798628531771925
SEA,MCO,4.527807392851532
SEA,IAH,9.562642604313172
SEA,BRU,7.3721469632910335
SEA,IST,8.9449473680537
SEA,PVG,3.8495002307014277
SEA,AMS,8.874589651304937
SEA,ORD,4.047610368811063
SEA,KUL,6.805540567481794
SEA,CGK,7.912625607419121
SEA,NRT,2.059817152224917
SEA,HND,3.837558309858985
SEA,LGW,8.45236717187603
SEA,SYD,9.552459588751779
SEA,GRU,2.38087729259924
SEA,DEN,4.216616581600989
CAN,DXB,7.127772853071573
CAN,MUC,9.690511913265118
CAN,CDG,2.5325642557774843
CAN,BKK,4.572502291116431
CAN,FRA,1.107190762217434
CAN,SHA,2.026919478209539
CAN,PEK,7.896392277624023
CAN,SEA,8.101880848525568
CAN,SVO,5.996923109635453
CAN,CLT,6.715333180428159
CAN,LAX,3.5884956982145146
CAN,MSP,3.9950115874161183
CAN,DFW,9.82260668800192
CAN,SFO,8.695766224182456
CAN,YYZ,1.6526367883965878
CAN,ZRH,5.828012071084427
CAN,VIE,5.455032457868409
CAN,MAD,3.172882950314893
CAN,MIA,3.8420877047316955
CAN,PHL,3.565492136766923
CAN,LAS,7.526667754932281
CAN,LHR,2.298260100768893
CAN,MNL,7.881154522263769
CAN,FCO,6.57720754336507
CAN,JFK,2.867649374634541
CAN,MEL,5.0480451087658365
CAN,BOM,5.228158864802553
CAN,DEL,5.190010240572925
CAN,BCN,1.8000766140628461
CAN,DTW,1.5977659453283497
CAN,PHX,9.694746111659299
CAN,DOH,4.708131842378557
CAN,SIN,9.244529248054357
CAN,ATL,4.492705220348396
CAN,MCO,4.585851797929603
CAN,IAH,6.35893063137773
CAN,BRU,2.3274099183932697
CAN,IST,3.8898161179590454
CAN,PVG,3.1786367572580403
CAN,AMS,1.6780273708316844
CAN,ORD,9.573113893012307
CAN,KUL,4.982904652497481
CAN,CGK,6.128053038965203
CAN,NRT,2.291213700285175
CAN,HND,2.69597857116783
CAN,LGW,6.639902021783679
CAN,SYD,1.4397365568132714
CAN,GRU,3.963987082881882
CAN,DEN,7.8171936446419545
SVO,DXB,8.543860515020846
SVO,MUC,3.2583774744755756
SVO,CDG,9.70070020684048
SVO,BKK,7.420185700124059
SVO,FRA,4.0616853892668905
SVO,SHA,8.330812917820708
SVO,PEK,2.3848315581586146
SVO,SEA,3.8414189439602042
SVO,CAN,8.92647940204761
SVO,CLT,3.3847224934517404
SVO,LAX,1.782908844891912
SVO,MSP,6.88918919521191
SVO,DFW,5.725816729661011
SVO,SFO,6.415424802469335
SVO,YYZ,5.1403472949468085
SVO,ZRH,3.63994934980848
SVO,VIE,3.879115448522204
SVO,MAD,7.913385991631453
SVO,MIA,8.10590449398613
SVO,PHL,5.622397184971744
SVO,LAS,6.9093295355507225
SVO,LHR,2.8477725842724446
SVO,MNL,2.0970460633129293
SVO,FCO,3.3446322896895615
SVO,JFK,5.939064727228362
SVO,MEL,2.2602256822392865
SVO,BOM,4.006482911277713
SVO,DEL,7.136901069950331
SVO,BCN,9.422992038551397
SVO,DTW,8.506390413509408
SVO,PHX,4.130811047152603
SVO,DOH,8.012851041566746
SVO,SIN,6.139270653827236
SVO,ATL,7.021501870236572
SVO,MCO,9.904818189708392
SVO,IAH,6.981782668779982
SVO,BRU,3.752479372232908
SVO,IST,5.0415899320021325
SVO,PVG,8.695390307798355
SVO,AMS,7.512834427696175
SVO,ORD,4.19900021444757
SVO,KUL,7.773293834670035
SVO,CGK,4.5140239389041295
SVO,NRT,6.446939788911665
SVO,HND,3.8511517462256446
SVO,LGW,3.173671350824514
SVO,SYD,8.229981943196542
SVO,GRU,2.2095807886688545
SVO,DEN,2.112946624086943
CLT,DXB,8.196051522651082
CLT,MUC,1.7997907283722552
CLT,CDG,9.069552768391633
CLT,BKK,1.1220791856391066
CLT,FRA,3.7801210557005747
CLT,SHA,6.005086886787433
CLT,PEK,8.837197966850768
CLT,SEA,4.069302148980935
CLT,CAN,8.220726354020723
CLT,SVO,6.870546591943417
CLT,LAX,2.6624823768615804
CLT,MSP,1.2685108783308916
CLT,DFW,5.934773164725047
CLT,SFO,8.834636335737038
CLT,YYZ,3.6862425203745643
CLT,ZRH,2.750191659550879
CLT,VIE,8.6005409293533
CLT,MAD,1.408173813459801
CLT,MIA,4.081344749507774
CLT,PHL,6.401410735283694
CLT,LAS,2.691942658935303
CLT,LHR,7.7647075771531044
CLT,MNL,4.135385944428823
CLT,FCO,5.273206880658556
CLT,JFK,2.805747391736635
CLT,MEL,1.9800249174011326
CLT,BOM,8.680527686669592
CLT,DEL,5.926474902942429
CLT,BCN,9.81403416768068
CLT,DTW,9.658015903271497
CLT,PHX,1.8681207260058492
CLT,DOH,5.939157474194515
CLT,SIN,3.7174838124925196
CLT,ATL,2.0214938420035615
CLT,MCO,8.196720803413822
CLT,IAH,9.913037243860993
CLT,BRU,6.8629541604259785
CLT,IST,3.2120443871512965
CLT,PVG,2.9397959701484915
CLT,AMS,4.8227528380349645
CLT,ORD,7.236695560465957
CLT,KUL,2.4823372463054754
CLT,CGK,5.401607840345465
CLT,NRT,7.3295512987315865
CLT,HND,1.2234743644029473
CLT,LGW,5.3965818030263355
CLT,SYD,5.950548971706436
CLT,GRU,8.106795621873932
CLT,DEN,1.4545131301756387
LAX,DXB,4.2654007602421276
LAX,MUC,2.799534073556888
LAX,CDG,8.889462833681115
LAX,BKK,8.601018492740252
LAX,FRA,5.014336723657795
LAX,SHA,3.6517066598553507
LAX,PEK,4.817194540003776
LAX,SEA,6.437880790091206
LAX,CAN,6.063503954081168
LAX,SVO,6.013598954375613
LAX,CLT,3.1427429587887707
LAX,MSP,1.1606494001474197
LAX,DFW,2.9611870197141785
LAX,SFO,4.651946949984783
LAX,YYZ,2.144486142332662
LAX,ZRH,8.224960766348417
LAX,VIE,8.839790576620516
LAX,MAD,8.514113602058165
LAX,MIA,6.080813507220684
LAX,PHL,5.025134266699998
LAX,LAS,6.08325265644844
LAX,LHR,4.674256144447868
LAX,MNL,4.323953156814497
LAX,FCO,1.3077357024208602
LAX,JFK,8.944211770304124
LAX,MEL,4.965532989206728
LAX,BOM,3.6752673239716582
LAX,DEL,3.6748978368892193
LAX,BCN,4.505037558056625
LAX,DTW,2.42554944045675
LAX,PHX,8.781982910622053
LAX,DOH,1.1487163867045673
LAX,SIN,1.8097890401118404
LAX,ATL,9.332944718031166
LAX,MCO,1.3107145209237294
LAX,IAH,7.813061758057526
LAX,BRU,1.5161379771451464
LAX,IST,8.651833685550553
LAX,PVG,4.153721451941267
LAX,AMS,1.7366442926198133
LAX,ORD,5.191002860405933
LAX,KUL,2.9499976772340815
LAX,CGK,1.9823603594510049
LAX,NRT,2.6011118228971317
LAX,HND,4.02704968752869
LAX,LGW,9.9895200286862
LAX,SYD,5.319972148076097
LAX,GRU,3.720327362977647
LAX,DEN,8.489594110429227
MSP,DXB,4.510089350168507
MSP,MUC,8.394150343120096
MSP,CDG,1.5849293140963912
MSP,BKK,7.861804204119434
MSP,FRA,2.3525252085722124
MSP,SHA,5.065007718616443
MSP,PEK,8.248099341756893
MSP,SEA,9.467744957913498
MSP,CAN,9.512084118275398
MSP,SVO,3.478279804381772
MSP,CLT,6.800799774788286
MSP,LAX,8.278610732099892
MSP,DFW,3.084862485558497
MSP,SFO,8.27233154147363
MSP,YYZ,5.781470430375499
MSP,ZRH,6.023556690054509
MSP,VIE,7.027449328804654
MSP,MAD,2.474922931520471
MSP,MIA,7.491874434098075
MSP,PHL,6.808709029759314
MSP,LAS,7.74160636425124
MSP,LHR,4.556771377460819
MSP,MNL,3.287746342670576
MSP,FCO,7.096661734619812
MSP,JFK,4.113621316150988
MSP,MEL,5.633510262411094
MSP,BOM,9.27507485081583
MSP,DEL,6.095843049761678
MSP,BCN,8.989680780230637
MSP,DTW,1.807151929824859
MSP,PHX,3.392040564541294
MSP,DOH,1.540291755402079
MSP,SIN,4.680895254650743
MSP,ATL,1.013745378647966
MSP,MCO,9.641466693900588
MSP,IAH,8.835081321158558
MSP,BRU,2.139271858358181
MSP,IST,1.446176148639024
MSP,PVG,2.4010868714578337
MSP,AMS,1.021033026977118
MSP,ORD,5.68721172207875
MSP,KUL,7.582228337262551
MSP,CGK,6.137614605162375
MSP,NRT,4.207352948929854
MSP,HND,6.333840219146897
MSP,LGW,7.142621279563998
MSP,SYD,7.083136367185039
MSP,GRU,8.662218878211972
MSP,DEN,5.73883359497034
DFW,DXB,5.3085928892939975
DFW,MUC,4.294538344489646
DFW,CDG,8.511112284780527
DFW,BKK,6.28109419116538
DFW,FRA,5.0976684290857985
DFW,SHA,5.957730921146977
DFW,PEK,7.691956538939942
DFW,SEA,8.407018544046869
DFW,CAN,3.4140025398352605
DFW,SVO,4.341178130927213
DFW,CLT,3.8499555196012145
DFW,LAX,2.648829619631104
DFW,MSP,2.842978743682515
DFW,SFO,3.465758519152521
DFW,YYZ,8.712576529293397
DFW,ZRH,3.8572138654334114
DFW,VIE,5.139732353695695
DFW,MAD,5.816212218457895
DFW,MIA,6.501976451918031
DFW,PHL,3.7087874141029125
DFW,LAS,1.5796887903620758
DFW,LHR,5.219923243079569
DFW,MNL,8.624755202576996
DFW,FCO,3.8414921392319297
DFW,JFK,2.7792833077590746
DFW,MEL,3.8359743359704686
DFW,BOM,7.357886337978732
DFW,DEL,9.680392262283291
DFW,BCN,6.211143245582701
DFW,DTW,9.125764412094513
DFW,PHX,7.282121542824262
DFW,DOH,4.126433288470935
DFW,SIN,3.143925478373744
DFW,ATL,5.22278886324057
DFW,MCO,5.604018625101202
DFW,IAH,6.272351545385198
DFW,BRU,8.271812916587244
DFW,IST,9.035572640405613
DFW,PVG,6.927180964491455
DFW,AMS,2.795209925542621
DFW,ORD,3.073505482029734
DFW,KUL,6.111093112196118
DFW,CGK,9.298997555577097
DFW,NRT,4.09051293337242
DFW,HND,5.6565777204651955
DFW,LGW,1.7661722979054832
DFW,SYD,8.31940820514875
DFW,GRU,3.3556360086712242
DFW,DEN,9.68529898834274
SFO,DXB,5.634909895000536
SFO,MUC,9.680651824576222
SFO,CDG,8.078503251360223
SFO,BKK,1.989017464458119
SFO,FRA,5.791053094277957
SFO,SHA,6.569198431466675
SFO,PEK,2.68321313552413
SFO,SEA,3.2202696844493475
SFO,CAN,4.828720074958983
SFO,SVO,3.611401050048065
SFO,CLT,8.053981213978854
SFO,LAX,8.496127321551366
SFO,MSP,1.7943759767929668
SFO,DFW,4.177608515238778
SFO,YYZ,6.0431253271066705
SFO,ZRH,2.2377902799190474
SFO,VIE,1.5555289378590262
SFO,MAD,9.726474073012438
SFO,MIA,9.526179217596034
SFO,PHL,9.829945023444987
SFO,LAS,4.509983125849393
SFO,LHR,8.614110005969312
SFO,MNL,3.373843396331567
SFO,FCO,1.6590426250523445
SFO,JFK,1.5333450435666882
SFO,MEL,9.038835779805014
SFO,BOM,1.3902613270789663
SFO,DEL,9.134750750656133
SFO,BCN,3.6129321157366583
SFO,DTW,5.045366965703788
SFO,PHX,3.376560351547102
SFO,DOH,1.1708754393211738
SFO,SIN,6.06947073545534
SFO,ATL,9.367487554319416
SFO,MCO,1.3554065372535806
SFO,IAH,2.8832819155071365
SFO,BRU,2.131260561014437
SFO,IST,8.933488215533835
SFO,PVG,1.3163792602644955
SFO,AMS,7.54835503915533
SFO,ORD,9.199362595847633
SFO,KUL,5.1821655687042165
SFO,CGK,1.3733115920138315
SFO,NRT,6.081884500178637
SFO,HND,1.3411269634705807
SFO,LGW,1.0205361442273184
SFO,SYD,7.10705211321862
SFO,GRU,8.173987370991282
SFO,DEN,9.571916147284481
YYZ,DXB,4.913277404555849
YYZ,MUC,8.294445703679054
YYZ,CDG,6.221617621882146
YYZ,BKK,8.830177541319582
YYZ,FRA,6.802561114535292
YYZ,SHA,9.759359186994937
YYZ,PEK,7.759353962016285
YYZ,SEA,2.417746158585537
YYZ,CAN,2.203516119343245
YYZ,SVO,8.569708471906306
YYZ,CLT,9.163141538110397
YYZ,LAX,1.7007333638187307
YYZ,MSP,9.987859273081613
YYZ,DFW,1.707540468703525
YYZ,SFO,3.273985917175045
YYZ,ZRH,3.0942735646409885
YYZ,VIE,6.895169779526299
YYZ,MAD,4.735725267662664
YYZ,MIA,8.603324205063052
YYZ,PHL,8.509537871726387
YYZ,LAS,2.7781217971907695
YYZ,LHR,3.164885732786777
YYZ,MNL,5.440172598333736
YYZ,FCO,5.718430980340793
YYZ,JFK,9.12344423746897
YYZ,MEL,2.870918450710067
YYZ,BOM,4.879303682771636
YYZ,DEL,5.249855144092916
YYZ,BCN,6.047436981902822
YYZ,DTW,7.693285865817981
YYZ,PHX,4.221774379961482
YYZ,DOH,7.0488728711542175
YYZ,SIN,4.297198052695475
YYZ,ATL,2.130781462552106
YYZ,MCO,5.640990013364733
YYZ,IAH,7.067689382379999
YYZ,BRU,7.790112332672929
YYZ,IST,5.010071219603882
YYZ,PVG,1.0151205057191168
YYZ,AMS,2.069930973090647
YYZ,ORD,2.773532153049367
YYZ,KUL,3.500012421953445
YYZ,CGK,2.384265004668557
YYZ,NRT,4.473077562708982
YYZ,HND,4.51151365378719
YYZ,LGW,9.234296999968302
YYZ,SYD,4.872562513588062
YYZ,GRU,5.6787905434586845
YYZ,DEN,3.588575245899358
ZRH,DXB,3.87964835045591
ZRH,MUC,4.259263356844597
ZRH,CDG,1.8450260847375821
ZRH,BKK,4.2024331558942905
ZRH,FRA,6.666439099537736
ZRH,SHA,1.740380102872155
ZRH,PEK,3.9063214942483833
ZRH,SEA,4.547167361024572
ZRH,CAN,9.167255894600844
ZRH,SVO,7.624715602316489
ZRH,CLT,5.801154456136271
ZRH,LAX,7.186956081722574
ZRH,MSP,5.465035046026163
ZRH,DFW,2.4814436484420175
ZRH,SFO,1.3258823985834574
ZRH,YYZ,3.213636753582279
ZRH,VIE,4.77107837956634
ZRH,MAD,4.653384978694985
ZRH,MIA,4.69896625826682
ZRH,PHL,4.959785501440753
ZRH,LAS,3.6285382008006284
ZRH,LHR,5.484799497328322
ZRH,MNL,2.362011434201231
ZRH,FCO,6.664790595553955
ZRH,JFK,2.2614710183919406
ZRH,MEL,7.286578212265155
ZRH,BOM,8.441220462194053
ZRH,DEL,6.581189618801649
ZRH,BCN,1.8817859552250935
ZRH,DTW,4.872021750934751
ZRH,PHX,4.859146474497712
ZRH,DOH,1.602226146430421
ZRH,SIN,3.151623276001468
ZRH,ATL,7.827701353856414
ZRH,MCO,1.4557593100957233
ZRH,IAH,9.910199568372619
ZRH,BRU,9.790017890646764
ZRH,IST,5.307424549215992
ZRH,PVG,6.546010281536177
ZRH,AMS,3.594886081312582
ZRH,ORD,9.52513203933017
ZRH,KUL,5.225798240098728
ZRH,CGK,1.3712707736779648
ZRH,NRT,7.048758956862411
ZRH,HND,9.421083932408644
ZRH,LGW,1.0960989478383292
ZRH,SYD,6.411161369531928
ZRH,GRU,9.04869978500902
ZRH,DEN,9.53733028359121
VIE,DXB,8.61759436458685
VIE,MUC,6.729477902759163
VIE,CDG,2.449654833104943
VIE,BKK,1.48481031229806
VIE,FRA,8.898835110912913
VIE,SHA,3.9858848004999374
VIE,PEK,9.35619258969908
VIE,SEA,2.0072478903585376
VIE,CAN,6.594240583510588
VIE,SVO,1.7957411607658735
VIE,CLT,9.879301143073343
VIE,LAX,5.205381465711874
VIE,MSP,5.425020678742458
VIE,DFW,3.746623107308137
VIE,SFO,6.322630780361049
VIE,YYZ,8.12806157213926
VIE,ZRH,8.243937386728206
VIE,MAD,6.190597747458796
VIE,MIA,4.970180060857238
VIE,PHL,9.325892189257344
VIE,LAS,1.1355959534642646
VIE,LHR,6.010702659711655
VIE,MNL,3.709438958781452
VIE,FCO,8.961559434474992
VIE,JFK,7.84470743979202
VIE,MEL,5.151718241165382
VIE,BOM,4.723961463758761
VIE,DEL,3.0841198225570423
VIE,BCN,8.240157078085844
VIE,DTW,4.658437080413442
VIE,PHX,5.013469245768727
VIE,DOH,2.4647292103297485
VIE,SIN,9.544003325155133
VIE,ATL,1.2296646996146532
VIE,MCO,2.0108426381210642
VIE,IAH,8.547494485541746
VIE,BRU,9.684479552486339
VIE,IST,4.677003391341472
VIE,PVG,9.40564810122503
VIE,AMS,6.935646318141972
VIE,ORD,3.872769632938837
VIE,KUL,4.382664759983202
VIE,CGK,6.9702789415979485
VIE,NRT,5.420473658522158
VIE,HND,1.519636043915324
VIE,LGW,3.6664164791515885
VIE,SYD,1.9947937978451078
VIE,GRU,7.267672602457565
VIE,DEN,5.977586322798546
MAD,DXB,6.56525882418696
MAD,MUC,3.524555731285412
MAD,CDG,7.407688283439442
MAD,BKK,1.5823801642269104
MAD,FRA,4.859146368833018
MAD,SHA,2.5154174936213094
MAD,PEK,5.983039054802478
MAD,SEA,4.455208998651901
MAD,CAN,6.963520271284857
MAD,SVO,4.5286599105213
MAD,CLT,9.335486807712273
MAD,LAX,9.501774741356066
MAD,MSP,8.973802398562983
MAD,DFW,4.045601951649937
MAD,SFO,1.8231397910955511
MAD,YYZ,7.1892296987232305
MAD,ZRH,3.8022692494494423
MAD,VIE,6.007090754931247
MAD,MIA,1.8185729205482402
MAD,PHL,7.023912009551859
MAD,LAS,5.601311197677669
MAD,LHR,5.128465367303265
MAD,MNL,2.6879100656707324
MAD,FCO,8.575408618557386
MAD,JFK,1.6323360894496244
MAD,MEL,3.2632011594302752
MAD,BOM,6.72929635983516
MAD,DEL,7.53995525139174
MAD,BCN,1.2270285719734135
MAD,DTW,5.33957330909747
MAD,PHX,6.640441201006686
MAD,DOH,7.0274243906579645
MAD,SIN,5.7015955081408
MAD,ATL,5.251308897531875
MAD,MCO,7.298655320499949
MAD,IAH,9.834901342074353
MAD,BRU,3.292472558324186
MAD,IST,9.991969392739472
MAD,PVG,2.7039265998461803
MAD,AMS,2.349633601956028
MAD,ORD,8.340349832327712
MAD,KUL,7.010983209551161
MAD,CGK,1.566802568308621
MAD,NRT,1.2933623901212463
MAD,HND,1.937931791898619
MAD,LGW,3.9310455634264856
MAD,SYD,2.3599229501452204
MAD,GRU,2.0234922667518775
MAD,DEN,1.4720987362873497
MIA,DXB,9.55883710961491
MIA,MUC,1.9307843268452136
MIA,CDG,9.435404050223005
MIA,BKK,4.476957465077307
MIA,FRA,8.12240848262671
MIA,SHA,4.5792033344711776
MIA,PEK,2.247949357159727
MIA,SEA,6.885351214685998
MIA,CAN,6.03360989703665
MIA,SVO,9.53510771011097
MIA,CLT,9.526429521992531
MIA,LAX,8.32861636112197
MIA,MSP,5.177389806313911
MIA,DFW,1.43025836137797
MIA,SFO,1.162527098469304
MIA,YYZ,3.8604341761744987
MIA,ZRH,4.545505329459843
MIA,VIE,9.055101644042308
MIA,MAD,6.739101651142389
MIA,PHL,5.537024242287366
MIA,LAS,2.622142484169192
MIA,LHR,9.34385083565737
MIA,MNL,8.218779422460763
MIA,FCO,9.268574770317226
MIA,JFK,5.3099692528765505
MIA,MEL,6.783165043575341
MIA,BOM,5.913683114600293
MIA,DEL,3.0453037105918295
MIA,BCN,5.206342756971288
MIA,DTW,2.091433434850184
MIA,PHX,2.1387583893445323
MIA,DOH,2.931297217685163
MIA,SIN,7.27814100960468
MIA,ATL,2.4271173031791182
MIA,MCO,6.82065771088624
MIA,IAH,3.366238085659505
MIA,BRU,9.125997991724418
MIA,IST,7.359063200420911
MIA,PVG,4.64693275903642
MIA,AMS,7.513400693467551
MIA,ORD,6.8740283612922335
MIA,KUL,2.568138984427716
MIA,CGK,6.682003673468718
MIA,NRT,5.582986707797972
MIA,HND,5.280699906319954
MIA,LGW,1.2348620284729535
MIA,SYD,4.7726922029727925
MIA,GRU,1.9253729965074284
MIA,DEN,4.273500996813935
PHL,DXB,6.491016456956221
PHL,MUC,8.247508828910064
PHL,CDG,9.563536013255566
PHL,BKK,2.5799281882091503
PHL,FRA,5.313622946300751
PHL,SHA,8.981462826193567
PHL,PEK,2.4441933444950985
PHL,SEA,9.567758510330489
PHL,CAN,5.728643907061551
PHL,SVO,1.6344677104986554
PHL,CLT,4.287029201148716
PHL,LAX,3.9367473049067003
PHL,MSP,5.551638446920313
PHL,DFW,9.09877604910965
PHL,SFO,1.402084255667077
PHL,YYZ,5.434257140016019
PHL,ZRH,2.767140722745014
PHL,VIE,6.0503869328413975
PHL,MAD,4.1180937958285355
PHL,MIA,5.996944637224381
PHL,LAS,7.340151578203432
PHL,LHR,1.3339429356839805
PHL,MNL,6.648305849675973
PHL,FCO,3.6668091499410624
PHL,JFK,4.2793826400028205
PHL,MEL,5.75172439475144
PHL,BOM,2.9341476823167487
PHL,DEL,9.782455578303507
PHL,BCN,8.72566701852078
PHL,DTW,6.5992482592571
PHL,PHX,1.595929435010538
PHL,DOH,4.1099475526507
PHL,SIN,8.682365718582883
PHL,ATL,2.971198929749171
PHL,MCO,9.8987044141213
PHL,IAH,3.7203368890134985
PHL,BRU,1.7816590893224475
PHL,IST,9.952478746213528
PHL,PVG,9.511089397395601
PHL,AMS,6.261353821841874
PHL,ORD,5.086325054789053
PHL,KUL,6.212192656250909
PHL,CGK,6.653162144969038
PHL,NRT,4.605833375270416
PHL,HND,5.37038270378706
PHL,LGW,4.458313124271179
PHL,SYD,5.756300512341582
PHL,GRU,7.338494322644056
PHL,DEN,6.018064078176319
LAS,DXB,2.3452512653289634
LAS,MUC,6.65732117731214
LAS,CDG,1.7563103191875942
LAS,BKK,9.346060596271496
LAS,FRA,4.2493453945596595
LAS,SHA,1.7164936031755644
LAS,PEK,8.930591019910532
LAS,SEA,5.720865706408681
LAS,CAN,5.6459551218601876
LAS,SVO,2.078133300047415
LAS,CLT,7.898582661067602
LAS,LAX,2.0981949890560587
LAS,MSP,3.4266157172671856
LAS,DFW,3.658716643149683
LAS,SFO,4.429733457181118
LAS,YYZ,4.806810970101977
LAS,ZRH,2.151158726419964
LAS,VIE,7.37573630907071
LAS,MAD,1.4337421766643437
LAS,MIA,1.9533225929260403
LAS,PHL,4.74375587276737
LAS,LHR,8.859608861726041
LAS,MNL,3.891819176495366
LAS,FCO,1.3644315999730403
LAS,JFK,8.919821435714521
LAS,MEL,5.658161506751822
LAS,BOM,8.649620000718508
LAS,DEL,1.1202536822244027
LAS,BCN,2.3007317795472866
LAS,DTW,8.802676198886392
LAS,PHX,2.972105321289232
LAS,DOH,3.13865332812303
LAS,SIN,9.979545539101645
LAS,ATL,5.476418668112454
LAS,MCO,7.746597076934076
LAS,IAH,5.558980477917919
LAS,BRU,2.506478362122116
LAS,IST,5.3451259287985025
LAS,PVG,6.527702207595774
LAS,AMS,7.354206366356656
LAS,ORD,2.672427126259041
LAS,KUL,3.7911755010103634
LAS,CGK,2.0565177780039896
LAS,NRT,1.6798691124063159
LAS,HND,6.773170693098482
LAS,LGW,8.356559763017193
LAS,SYD,6.60620080864144
LAS,GRU,9.341629327139119
LAS,DEN,5.127467597202
LHR,DXB,9.669181220166033
LHR,MUC,9.835773992039693
LHR,CDG,5.879681357758465
LHR,BKK,2.821584008642727
LHR,FRA,5.45933346269665
LHR,SHA,9.7042641522699
LHR,PEK,1.2125656585668998
LHR,SEA,6.356080292194192
LHR,CAN,1.5503491025578287
LHR,SVO,9.956419365614668
LHR,CLT,2.9336436037290428
LHR,LAX,1.3675769820379666
LHR,MSP,3.5352444080408474
LHR,DFW,9.680445850860865
LHR,SFO,6.163377417773598
LHR,YYZ,2.1063546805991438
LHR,ZRH,9.170790321594119
LHR,VIE,3.582237547724204
LHR,MAD,3.583710284985849
LHR,MIA,1.675504665749028
LHR,PHL,3.354063291383154
LHR,LAS,2.1283191724721693
LHR,MNL,7.445166128440196
LHR,FCO,6.412394990900323
LHR,JFK,1.0664084445972268
LHR,MEL,1.7591493702379848
LHR,BOM,9.750906793210538
LHR,DEL,1.6613079682076206
LHR,BCN,5.763899934756478
LHR,DTW,4.491097906935108
LHR,PHX,2.2940954171375583
LHR,DOH,1.7214036137093116
LHR,SIN,6.669040513850014
LHR,ATL,5.10800808473114
LHR,MCO,8.574199915193148
LHR,IAH,6.755223320797375
LHR,BRU,8.44570847392961
LHR,IST,8.191484055213195
LHR,PVG,2.4972880033143072
LHR,AMS,3.8421865216238626
LHR,ORD,5.347403732014064
LHR,KUL,3.592218652077889
LHR,CGK,1.2666592072489804
LHR,NRT,3.0734247167630735
LHR,HND,3.1496747263246556
LHR,LGW,1.9294186958467663
LHR,SYD,6.212294288993997
LHR,GRU,9.052437565260247
LHR,DEN,2.556099315271082
MNL,DXB,4.533210581745595
MNL,MUC,8.557554720394766
MNL,CDG,1.123778075765268
MNL,BKK,3.321288861276102
MNL,FRA,3.64438776018271
MNL,SHA,6.651097082629954
MNL,PEK,6.56696455253368
MNL,SEA,7.382896159238216
MNL,CAN,3.41579135680079
MNL,SVO,8.54279370100865
MNL,CLT,7.96609525734608
MNL,LAX,2.0870355882363745
MNL,MSP,3.8281863708082677
MNL,DFW,5.109468732047062
MNL,SFO,5.428106289149377
MNL,YYZ,1.5472897461815691
MNL,ZRH,5.415205537887504
MNL,VIE,8.665881750553538
MNL,MAD,5.233516366059774
MNL,MIA,1.0639196696481652
MNL,PHL,4.710698910876454
MNL,LAS,2.8526868827958913
MNL,LHR,5.670112800556578
MNL,FCO,8.207615080428052
MNL,JFK,4.096988686850203
MNL,MEL,1.6927210429719426
MNL,BOM,7.244722875454133
MNL,DEL,4.6388263844528534
MNL,BCN,3.0143929405288965
MNL,DTW,4.836680183188369
MNL,PHX,7.747637374383519
MNL,DOH,4.393653932470199
MNL,SIN,6.850574549709441
MNL,ATL,7.696500314888386
MNL,MCO,7.7349271514632765
MNL,IAH,5.482394677275474
MNL,BRU,3.128160422255606
MNL,IST,1.1906922604285137
MNL,PVG,3.569363602290599
MNL,AMS,2.8596625230743213
MNL,ORD,1.5261067566977247
MNL,KUL,7.911521452436901
MNL,CGK,9.885849569845327
MNL,NRT,3.969749222463193
MNL,HND,5.048970248795891
MNL,LGW,2.8859859148643414
MNL,SYD,5.26813902108138
MNL,GRU,6.815799842192284
MNL,DEN,9.805620536886043
FCO,DXB,8.619489817770917
FCO,MUC,2.59361067525699
FCO,CDG,5.2253273662145485
FCO,BKK,8.227015782715743
FCO,FRA,3.966848296464719
FCO,SHA,9.446138228315636
FCO,PEK,1.5353052213840248
FCO,SEA,3.5614745447701774
FCO,CAN,9.537147436490947
FCO,SVO,3.0232729014780984
FCO,CLT,3.1976496184846743
FCO,LAX,7.35067717301369
FCO,MSP,8.196319239674837
FCO,DFW,4.537920425115331
FCO,SFO,2.9929900346500995
FCO,YYZ,9.471652912908798
FCO,ZRH,4.585345619680597
FCO,VIE,8.255048592026245
FCO,MAD,6.128559760028422
FCO,MIA,5.622323032765072
FCO,PHL,9.558882046431714
FCO,LAS,9.320008746345177
FCO,LHR,5.315998847713469
FCO,MNL,5.584159584811354
FCO,JFK,7.6461279518118985
FCO,MEL,5.95264928621598
FCO,BOM,6.291325835332348
FCO,DEL,5.835569971488273
FCO,BCN,2.0682084331901267
FCO,DTW,2.4565079962624514
FCO,PHX,1.5766287320364456
FCO,DOH,3.4017595654048893
FCO,SIN,4.150309769224206
FCO,ATL,8.111235458263591
FCO,MCO,9.32646256714431
FCO,IAH,8.054467420469212
FCO,BRU,7.232217530003006
FCO,IST,9.216288278920993
FCO,PVG,3.7597926999637368
FCO,AMS,3.8543441912648784
FCO,ORD,4.88244154937383
FCO,KUL,2.815351695055864
FCO,CGK,2.3699558898824438
FCO,NRT,7.918577764199439
FCO,HND,7.902225462202006
FCO,LGW,5.655568024692595
FCO,SYD,9.514838434697387
FCO,GRU,2.264185842784488
FCO,DEN,9.125453604736322
JFK,DXB,7.997063032903776
JFK,MUC,5.945625745198395
JFK,CDG,9.483428431114042
JFK,BKK,4.39126271195852
JFK,FRA,8.304555397608087
JFK,SHA,4.55046060608323
JFK,PEK,4.073055289416323
JFK,SEA,2.2826007608032466
JFK,CAN,3.7816620828511063
JFK,SVO,3.7674214067631833
JFK,CLT,4.252888933343524
JFK,LAX,7.553746360531029
JFK,MSP,6.182053972948028
JFK,DFW,6.231615429429338
JFK,SFO,2.3412522986857476
JFK,YYZ,4.002251462405793
JFK,ZRH,1.567898740113868
JFK,VIE,1.7499737270889777
JFK,MAD,4.442814638196063
JFK,MIA,6.852588114892297
JFK,PHL,5.197449036569939
JFK,LAS,8.86928302254912
JFK,LHR,5.810012454420956
JFK,MNL,4.812272643846405
JFK,FCO,4.186200417983611
JFK,MEL,3.7870552503400736
JFK,BOM,6.7806287900194135
JFK,DEL,1.5310417694656737
JFK,BCN,8.745635062094244
JFK,DTW,3.506479894507282
JFK,PHX,4.511594404293575
JFK,DOH,6.493364688477109
JFK,SIN,9.958221555111647
JFK,ATL,4.127452184490794
JFK,MCO,8.385758071947787
JFK,IAH,3.853199159714289
JFK,BRU,4.686582007987903
JFK,IST,2.499350143845464
JFK,PVG,8.628274935053119
JFK,AMS,4.390847728583173
JFK,ORD,5.814013382991308
JFK,KUL,4.063128022188828
JFK,CGK,8.880998904018117
JFK,NRT,1.8964273236617815
JFK,HND,3.2065433896042594
JFK,LGW,5.367708008488651
JFK,SYD,1.4555974595213308
JFK,GRU,4.364250694746639
JFK,DEN,2.7827757548193635
MEL,DXB,7.3063724925075055
MEL,MUC,3.0812617207206388
MEL,CDG,5.0026416675020835
MEL,BKK,1.422044287518799
MEL,FRA,4.370481767008264
MEL,SHA,8.715386494385804
MEL,PEK,1.5037289010171189
MEL,SEA,5.458617026161016
MEL,CAN,4.334120879708223
MEL,SVO,8.64494161421232
MEL,CLT,8.038494374746364
MEL,LAX,5.428904453293301
MEL,MSP,3.0657827999830825
MEL,DFW,2.821924373644723
MEL,SFO,4.293008162587208
MEL,YYZ,6.333793626880708
MEL,ZRH,8.014114318204953
MEL,VIE,6.4563632091242065
MEL,MAD,1.3340810305120412
MEL,MIA,8.14249378605349
MEL,PHL,9.756342974697285
MEL,LAS,6.738739981018408
MEL,LHR,4.090432897430561
MEL,MNL,1.204164415897841
MEL,FCO,8.945744420661228
MEL,JFK,8.236298959872222
MEL,BOM,9.671523348746062
MEL,DEL,4.086441209164403
MEL,BCN,8.739263552271106
MEL,DTW,2.116284560632178
MEL,PHX,2.5278226267961688
MEL,DOH,7.415617309708949
MEL,SIN,1.3934922404552752
MEL,ATL,2.542957949430856
MEL,MCO,8.873757304552235
MEL,IAH,6.301936605119549
MEL,BRU,4.110444259756418
MEL,IST,3.436641379929774
MEL,PVG,5.6513937817962105
MEL,AMS,3.4023348711401242
MEL,ORD,6.848711784666568
MEL,KUL,4.555173400931542
MEL,CGK,9.0502704936773
MEL,NRT,6.337277784372055
MEL,HND,9.501150185353765
MEL,LGW,5.6912495739778075
MEL,SYD,3.3302547019858397
MEL,GRU,8.643072321806272
MEL,DEN,6.339529621148975
BOM,DXB,3.4537547788262555
BOM,MUC,1.4205029926051986
BOM,CDG,1.640134085486563
BOM,BKK,7.350830761404371
BOM,FRA,7.503893668791701
BOM,SHA,5.0502277599936525
BOM,PEK,3.908888335317532
BOM,SEA,2.4561341698413814
BOM,CAN,9.179781910485797
BOM,SVO,9.569551292293184
BOM,CLT,4.154235804436002
BOM,LAX,1.9597140297067606
BOM,MSP,9.797658967173732
BOM,DFW,6.9043163131139815
BOM,SFO,1.9616109542967803
BOM,YYZ,8.510459725035588
BOM,ZRH,6.1193311159890795
BOM,VIE,1.937946041115889
BOM,MAD,7.54274152764507
BOM,MIA,4.402697944529437
BOM,PHL,3.7890594895393876
BOM,LAS,4.037528480063967
BOM,LHR,2.8637204002251853
BOM,MNL,4.082871314604656
BOM,FCO,9.162069121289893
BOM,JFK,8.579362051942425
BOM,MEL,4.689770685082202
BOM,DEL,5.035024350298041
BOM,BCN,1.2384566257428347
BOM,DTW,7.572579374491681
BOM,PHX,7.121701927253302
BOM,DOH,2.197132095579334
BOM,SIN,2.1296367361972246
BOM,ATL,8.790463142077
BOM,MCO,6.782379269194873
BOM,IAH,1.672050509438028
BOM,BRU,1.5835852413179379
BOM,IST,9.757069642766092
BOM,PVG,3.9844400389113264
BOM,AMS,4.8843083774364695
BOM,ORD,5.173563296951887
BOM,KUL,5.1267259577991995
BOM,CGK,7.12038846738693
BOM,NRT,1.5355285443731752
BOM,HND,5.811769220263955
BOM,LGW,8.199932512763754
BOM,SYD,8.384279719607397
BOM,GRU,6.641892176748202
BOM,DEN,8.686334079595717
DEL,DXB,8.850705156681112
DEL,MUC,6.894516773553774
DEL,CDG,2.0582849570745725
DEL,BKK,9.52154738987755
DEL,FRA,5.028568908905811
DEL,SHA,3.180457012528338
DEL,PEK,4.881625378270863
DEL,SEA,5.2748143141196255
DEL,CAN,5.427058313276701
DEL,SVO,3.3089521999813276
DEL,CLT,7.5164692434032405
DEL,LAX,5.0044039958382935
DEL,MSP,8.056185194286304
DEL,DFW,5.151964879482377
DEL,SFO,8.266710142712355
DEL,YYZ,7.029738304852769
DEL,ZRH,8.01441350685447
DEL,VIE,6.070777620559047
DEL,MAD,9.450022350761971
DEL,MIA,7.622647620298093
DEL,PHL,8.441466715343056
DEL,LAS,1.9820825362924182
DEL,LHR,6.15200922218274
DEL,MNL,5.32267658807793
DEL,FCO,6.37541208240113
DEL,JFK,9.433567440463777
DEL,MEL,5.568119619088455
DEL,BOM,3.3879072301962627
DEL,BCN,7.725993687146216
DEL,DTW,1.4182948888233387
DEL,PHX,7.2396260828812755
DEL,DOH,7.095855998823356
DEL,SIN,2.58410041593019
DEL,ATL,3.350333133633301
DEL,MCO,3.955036783826706
DEL,IAH,3.6542668270555843
DEL,BRU,8.304800209244018
DEL,IST,4.56941604081943
DEL,PVG,8.276999234600044
DEL,AMS,9.38857256738384
DEL,ORD,2.1630145655359225
DEL,KUL,4.9807933264042745
DEL,CGK,5.503880672487533
DEL,NRT,5.630255201229463
DEL,HND,3.7863631372074043
DEL,LGW,8.118525892982664
DEL,SYD,6.351939282623154
DEL,GRU,3.6131305612569466
DEL,DEN,5.813358707312473
BCN,DXB,1.6512372298248765
BCN,MUC,1.4425571706745965
BCN,CDG,1.712749327560409
BCN,BKK,2.1013169049185856
BCN,FRA,9.431989663142517
BCN,SHA,3.040087062614593
BCN,PEK,1.206249458547919
BCN,SEA,6.714654603822205
BCN,CAN,6.228726689960007
BCN,SVO,5.315136447165489
BCN,CLT,6.181825311941944
BCN,LAX,7.882228541530809
BCN,MSP,3.5156131120196497
BCN,DFW,6.1232007868046665
BCN,SFO,7.315741580914535
BCN,YYZ,2.6553737473949814
BCN,ZRH,3.1857464895523604
BCN,VIE,4.21723591733678
BCN,MAD,7.657773681343704
BCN,MIA,2.3316064409778665
BCN,PHL,2.1364075845853625
BCN,LAS,2.930601225347515
BCN,LHR,8.813214980974175
BCN,MNL,1.75534776554664
BCN,FCO,5.272791733448986
BCN,JFK,4.730646556123931
BCN,MEL,8.636614247040807
BCN,BOM,4.893856755787871
BCN,DEL,4.911871269176979
BCN,DTW,4.914174662665267
BCN,PHX,4.765783070059051
BCN,DOH,9.867367094680986
BCN,SIN,9.94740807841887
BCN,ATL,8.142731113072589
BCN,MCO,3.640774604819483
BCN,IAH,1.7861721390136847
BCN,BRU,9.73539732864773
BCN,IST,6.4333407646218435
BCN,PVG,1.2919367194075524
BCN,AMS,3.8159098923022925
BCN,ORD,2.8826846048772623
BCN,KUL,4.051587748376816
BCN,CGK,3.725044908324742
BCN,NRT,2.9265755799128663
BCN,HND,3.6006159329241627
BCN,LGW,5.883878898448757
BCN,SYD,1.0963840022261884
BCN,GRU,9.075872443414514
BCN,DEN,2.4293773866499224
DTW,DXB,7.980056214747367
DTW,MUC,3.5934853751492755
DTW,CDG,6.328219571575936
DTW,BKK,1.730043425897654
DTW,FRA,7.64997266982375
DTW,SHA,8.903767525480893
DTW,PEK,9.76017150578205
DTW,SEA,4.641396854112751
DTW,CAN,2.887349544295675
DTW,SVO,7.000092349563399
DTW,CLT,9.694105085458919
DTW,LAX,4.864693174707762
DTW,MSP,7.239178359818756
DTW,DFW,5.451527644266438
DTW,SFO,9.704126682842718
DTW,YYZ,5.771208596185627
DTW,ZRH,7.006327617752873
DTW,VIE,8.296645936629062
DTW,MAD,6.573400132419431
DTW,MIA,4.593719095425078
DTW,PHL,3.564605767116414
DTW,LAS,7.270289276643309
DTW,LHR,8.95167043883647
DTW,MNL,5.006610873764361
DTW,FCO,3.5297900483500064
DTW,JFK,4.323343940379745
DTW,MEL,5.521395404597136
DTW,BOM,9.668725865461466
DTW,DEL,2.5432423838258007
DTW,BCN,5.827048850822763
DTW,PHX,3.4987550974216766
DTW,DOH,2.183969955409832
DTW,SIN,6.112019944680819
DTW,ATL,4.442895235975079
DTW,MCO,7.463653561751975
DTW,IAH,4.15945629180642
DTW,BRU,8.654742143480075
DTW,IST,1.951116990713421
DTW,PVG,9.570458344643978
DTW,AMS,7.048170979811732
DTW,ORD,3.0397552190479344
DTW,KUL,6.909997700647126
DTW,CGK,8.93088518891977
DTW,NRT,7.532935441720056
DTW,HND,9.169234001501271
DTW,LGW,7.2686776340630646
DTW,SYD,5.570776502068364
DTW,GRU,9.951680971252548
DTW,DEN,3.064392368030296
PHX,DXB,9.39965037737389
PHX,MUC,3.7021298018158495
PHX,CDG,2.8941349846184226
PHX,BKK,9.120453320818406
PHX,FRA,9.989530513718606
PHX,SHA,3.297566345893182
PHX,PEK,4.351649177543931
PHX,SEA,2.4566315918193786
PHX,CAN,4.989866164324226
PHX,SVO,1.948914873751394
PHX,CLT,7.341093771104893
PHX,LAX,5.866391217829122
PHX,MSP,9.1208112817415
PHX,DFW,4.522049050100213
PHX,SFO,8.69013882238793
PHX,YYZ,7.2903804139700235
PHX,ZRH,1.8570492525087272
PHX,VIE,3.8472094186275765
PHX,MAD,9.844521076070428
PHX,MIA,4.13982711639331
PHX,PHL,7.056991033969879
PHX,LAS,1.4736684354548222
PHX,LHR,4.117258948119476
PHX,MNL,4.677914869359787
PHX,FCO,6.850280949279476
PHX,JFK,5.917471646136324
PHX,MEL,2.8946156848169142
PHX,BOM,2.315741718359922
PHX,DEL,7.050971172989824
PHX,BCN,8.72152139211951
PHX,DTW,7.9571580151140475
PHX,DOH,3.3176588462984182
PHX,SIN,8.862998855108053
PHX,ATL,7.000119463530276
PHX,MCO,5.763804605269293
PHX,IAH,7.950546341792856
PHX,BRU,9.058382888226758
PHX,IST,1.6689346851279114
PHX,PVG,3.444041925558221
PHX,AMS,6.13716316958418
PHX,ORD,5.675778516437945
PHX,KUL,7.261087985240713
PHX,CGK,9.400515531537184
PHX,NRT,8.97764080991055
PHX,HND,6.346473179952572
PHX,LGW,3.36420274824294
PHX,SYD,9.804810613973848
PHX,GRU,3.6218236059268847
PHX,DEN,8.176829131238948
DOH,DXB,6.8716943227595495
DOH,MUC,7.6777389493367885
DOH,CDG,6.613335344463462
DOH,BKK,6.454466540971012
DOH,FRA,4.750013365221196
DOH,SHA,9.86045412546409
DOH,PEK,5.060580518175545
DOH,SEA,3.462425112417621
DOH,CAN,6.005001986232982
DOH,SVO,6.6755637514422945
DOH,CLT,3.707605854065981
DOH,LAX,4.071608896515726
DOH,MSP,6.328747189738796
DOH,DFW,1.0550968017478253
DOH,SFO,4.731356630485756
DOH,YYZ,7.961874102212805
DOH,ZRH,8.110231269015939
DOH,VIE,4.698841315030229
DOH,MAD,2.7599818124823363
DOH,MIA,3.092145959236414
DOH,PHL,9.403350181861006
DOH,LAS,9.26578241953867
DOH,LHR,8.023681101501204
DOH,MNL,4.654081468790562
DOH,FCO,8.086113282723382
DOH,JFK,3.0479897576596597
DOH,MEL,6.162323101823262
DOH,BOM,8.782198235451684
DOH,DEL,7.5846797588871055
DOH,BCN,2.9875900478854103
DOH,DTW,9.640264332835383
DOH,PHX,6.600148743270839
DOH,SIN,4.779820113099724
DOH,ATL,5.337264452495788
DOH,MCO,4.280553956894856
DOH,IAH,4.01880180759774
DOH,BRU,9.88698452593405
DOH,IST,1.8993823431168693
DOH,PVG,6.101153151173607
DOH,AMS,9.261217803885067
DOH,ORD,9.935797695323924
DOH,KUL,3.57722872865612
DOH,CGK,3.5314903609128994
DOH,NRT,5.561687842666483
DOH,HND,8.983877550348783
DOH,LGW,1.572829697052128
DOH,SYD,6.0288316801793815
DOH,GRU,9.766296187151875
DOH,DEN,5.939182589552154
SIN,DXB,6.910857894788171
SIN,MUC,7.789959340301873
SIN,CDG,6.676247351448833
SIN,BKK,1.911139513797992
SIN,FRA,1.6823064462358885
SIN,SHA,4.834533757511477
SIN,PEK,9.605340162173482
SIN,SEA,4.22311711139665
SIN,CAN,7.481436951304583
SIN,SVO,6.26225749700451
SIN,CLT,2.0759257982936314
SIN,LAX,8.402970335486204
SIN,MSP,5.049447549598416
SIN,DFW,7.833511373606147
SIN,SFO,6.1015030876794185
SIN,YYZ,6.59900116702333
SIN,ZRH,7.674999492367469
SIN,VIE,6.864436886757081
SIN,MAD,6.746191701814906
SIN,MIA,2.8232535570850854
SIN,PHL,7.065790980375316
SIN,LAS,7.077030561222749
SIN,LHR,7.235096326316209
SIN,MNL,3.6710159357567536
SIN,FCO,6.2182882320966915
SIN,JFK,1.8881913403673796
SIN,MEL,2.7359106305630494
SIN,BOM,4.4952514494891975
SIN,DEL,5.9592209761319195
SIN,BCN,9.811774195594388
SIN,DTW,6.1298978649008475
SIN,PHX,2.830467760352578
SIN,DOH,7.364680830540603
SIN,ATL,9.184589146001445
SIN,MCO,5.62788615882816
SIN,IAH,5.622897626272414
SIN,BRU,1.027797974470929
SIN,IST,9.171522383625968
SIN,PVG,2.953603278254982
SIN,AMS,9.350396684169286
SIN,ORD,8.13649776037878
SIN,KUL,1.1391029177731222
SIN,CGK,3.8304476106164587
SIN,NRT,4.445870059059051
SIN,HND,9.3867107977551
SIN,LGW,5.54160040368885
SIN,SYD,9.850386670665896
SIN,GRU,4.274347838113099
SIN,DEN,4.34930682790372
ATL,DXB,5.065623288694709
ATL,MUC,6.831067384440224
ATL,CDG,5.13626160858752
ATL,BKK,8.041545363570282
ATL,FRA,4.264513271178881
ATL,SHA,9.551282723199748
ATL,PEK,1.823666090994579
ATL,SEA,5.197340533669442
ATL,CAN,3.281399397719614
ATL,SVO,2.3885813941987966
ATL,CLT,9.239684017616922
ATL,LAX,5.548770503805319
ATL,MSP,1.5566938770729157
ATL,DFW,3.348290159599686
ATL,SFO,8.515426166450528
ATL,YYZ,6.646639642312471
ATL,ZRH,2.5394986832138895
ATL,VIE,2.310457087796854
ATL,MAD,8.072850925247348
ATL,MIA,4.123526401808631
ATL,PHL,6.854187771122386
ATL,LAS,9.145808799781852
ATL,LHR,6.198640422292025
ATL,MNL,1.5710397450211748
ATL,FCO,7.557231529447938
ATL,JFK,5.409722477978555
ATL,MEL,5.799136431893697
ATL,BOM,6.488961886029436
ATL,DEL,3.455906251673512
ATL,BCN,2.755909315801032
ATL,DTW,1.243732452791141
ATL,PHX,3.0896274308825817
ATL,DOH,4.1861648082232845
ATL,SIN,4.443488961595751
ATL,MCO,1.9193857472737839
ATL,IAH,2.271307264832498
ATL,BRU,1.411236454228206
ATL,IST,9.373213606860944
ATL,PVG,1.5257376663774989
ATL,AMS,1.9859152154456083
ATL,ORD,3.8829890535692035
ATL,KUL,2.7197860715787514
ATL,CGK,9.085225070192141
ATL,NRT,6.812645962216706
ATL,HND,2.469406362008339
ATL,LGW,7.147519503505882
ATL,SYD,4.28340019508161
ATL,GRU,2.134381873605755
ATL,DEN,7.163516958043902
MCO,DXB,1.462979700387364
MCO,MUC,7.567568758906977
MCO,CDG,3.241427370368815
MCO,BKK,9.166248094748086
MCO,FRA,6.2301101923677065
MCO,SHA,2.4302730529625904
MCO,PEK,5.866504756713972
MCO,SEA,6.8069176513764145
MCO,CAN,9.958606511788117
MCO,SVO,1.117264398019899
MCO,CLT,6.348704226425191
MCO,LAX,4.700498349657595
MCO,MSP,7.435218759239061
MCO,DFW,5.455591425993969
MCO,SFO,6.8860536042981115
MCO,YYZ,6.5173168038694005
MCO,ZRH,5.706842896047188
MCO,VIE,3.453276762758325
MCO,MAD,3.464263158271418
MCO,MIA,8.005644557267003
MCO,PHL,7.764675490753332
MCO,LAS,6.5087102771815815
MCO,LHR,3.5168158059058023
MCO,MNL,9.548377327466376
MCO,FCO,2.664659513512106
MCO,JFK,7.142552363087209
MCO,MEL,6.8513461206560216
MCO,BOM,9.94121300510468
MCO,DEL,5.110285276553482
MCO,BCN,4.1804742270179
MCO,DTW,8.665312451790594
MCO,PHX,3.1592561541889235
MCO,DOH,3.5688345889709416
MCO,SIN,1.9680854641063685
MCO,ATL,7.764838752961984
MCO,IAH,5.33440060476571
MCO,BRU,9.90450966656522
MCO,IST,3.9329548637102105
MCO,PVG,9.646611348516087
MCO,AMS,5.600667380751778
MCO,ORD,6.5696800465544305
MCO,KUL,1.9230936227797584
MCO,CGK,6.6780104705411665
MCO,NRT,8.664562867721848
MCO,HND,5.50989911039001
MCO,LGW,4.869621235051441
MCO,SYD,9.41007242305764
MCO,GRU,7.697328099002722
MCO,DEN,6.286664832304105
IAH,DXB,8.376539597259658
IAH,MUC,5.121213388386083
IAH,CDG,2.03520446583432
IAH,BKK,2.389215285642754
IAH,FRA,9.518233621611273
IAH,SHA,7.705429618267579
IAH,PEK,9.554388901070102
IAH,SEA,8.657443224574473
IAH,CAN,4.212036054809154
IAH,SVO,3.514319440635803
IAH,CLT,4.4898878845997015
IAH,LAX,4.234488422763992
IAH,MSP,6.542059815947633
IAH,DFW,3.8455275481387803
IAH,SFO,9.370557628957894
IAH,YYZ,9.435746909703713
IAH,ZRH,6.684912419063624
IAH,VIE,7.0589253528206495
IAH,MAD,1.2169590002070492
IAH,MIA,7.9063327290678185
IAH,PHL,1.9512432150749919
IAH,LAS,4.30708396200491
IAH,LHR,5.925518014634583
IAH,MNL,2.3049809305079747
IAH,FCO,3.513758277848185
IAH,JFK,3.6722174752439383
IAH,MEL,8.554743757726923
IAH,BOM,6.974261733007262
IAH,DEL,1.2756723875542368
IAH,BCN,9.108211729387634
IAH,DTW,9.628175889401772
IAH,PHX,5.58679235224205
IAH,DOH,9.777684426480583
IAH,SIN,5.716648197790308
IAH,ATL,6.192018337451112
IAH,MCO,3.7602491705390615
IAH,BRU,4.733964948583903
IAH,IST,6.9733948409940245
IAH,PVG,3.445271865821412
IAH,AMS,7.40725937068438
IAH,ORD,8.659061607995245
IAH,KUL,7.244588881622778
IAH,CGK,5.196445347938088
IAH,NRT,5.924576730360198
IAH,HND,2.066011337756218
IAH,LGW,7.72744042024781
IAH,SYD,4.780806880501238
IAH,GRU,1.0674689566651219
IAH,DEN,8.425497704103996
BRU,DXB,5.808378365952013
BRU,MUC,1.3687173951187388
BRU,CDG,5.455959948000609
BRU,BKK,2.768389578968004
BRU,FRA,9.936964408897566
BRU,SHA,1.9011608257329273
BRU,PEK,9.396286571953798
BRU,SEA,2.1398396858799504
BRU,CAN,2.750104434944924
BRU,SVO,8.699158472399763
BRU,CLT,8.275437585715252
BRU,LAX,9.908827125818084
BRU,MSP,7.4860788842867345
BRU,DFW,7.933225505368823
BRU,SFO,4.916868920540878
BRU,YYZ,8.382428333193662
BRU,ZRH,5.711111250227357
BRU,VIE,3.288922850136522
BRU,MAD,5.22439372280394
BRU,MIA,9.689837308825625
BRU,PHL,9.447626371085834
BRU,LAS,4.826286460479022
BRU,LHR,5.1806336279477305
BRU,MNL,3.7534171359436006
BRU,FCO,8.45277710858861
BRU,JFK,1.301569602754115
BRU,MEL,6.989410617319514
BRU,BOM,9.128596139684824
BRU,DEL,1.8996107751090192
BRU,BCN,2.4575047486834234
BRU,DTW,7.372181829482997
BRU,PHX,3.4729549592587934
BRU,DOH,2.0512369569474593
BRU,SIN,3.244188757749011
BRU,ATL,6.780965230023612
BRU,MCO,8.092056966336486
BRU,IAH,2.7754054671308803
BRU,IST,4.070301083445049
BRU,PVG,2.5140277477377317
BRU,AMS,3.879147929758602
BRU,ORD,9.336997976154759
BRU,KUL,5.348689248096687
BRU,CGK,1.9778615688791519
BRU,NRT,9.870569070947038
BRU,HND,1.0150807799058477
BRU,LGW,2.924291818831519
BRU,SYD,8.401297881678936
BRU,GRU,4.547089076554643
BRU,DEN,1.5894767724312375
IST,DXB,6.6028936936850915
IST,MUC,3.765385194665355
IST,CDG,1.5699977968165504
IST,BKK,3.922874700757347
IST,FRA,9.916355797756452
IST,SHA,7.525915871360281
IST,PEK,3.9203980930436444
IST,SEA,3.433821019370919
IST,CAN,7.635629878806501
IST,SVO,7.295858088674018
IST,CLT,2.2647039913722566
IST,LAX,2.6714932491242855
IST,MSP,3.972959352082774
IST,DFW,3.425293881886001
IST,SFO,8.101119751211954
IST,YYZ,2.6103029527947914
IST,ZRH,3.1898841459577048
IST,VIE,5.5207691739284535
IST,MAD,8.913242445660067
IST,MIA,8.277509844823578
IST,PHL,9.821953877563207
IST,LAS,1.5376801645222042
IST,LHR,3.894958660450076
IST,MNL,1.5605926234992074
IST,FCO,1.456818644942331
IST,JFK,5.893274529501349
IST,MEL,6.259615885953684
IST,BOM,7.258074700648678
IST,DEL,5.480130716659491
IST,BCN,1.2275150157708903
IST,DTW,3.8790446112458516
IST,PHX,4.8297696287364555
IST,DOH,6.964813745028907
IST,SIN,6.444246218261459
IST,ATL,2.0059207626687705
IST,MCO,4.553672552322088
IST,IAH,1.8952764954574537
IST,BRU,1.2282206241764797
IST,PVG,7.883851624463523
IST,AMS,1.0587717462532453
IST,ORD,3.9955104951894493
IST,KUL,8.08210658761994
IST,CGK,3.4556362813259476
IST,NRT,6.705008690004444
IST,HND,3.81172650694596
IST,LGW,8.323464437755176
IST,SYD,6.121149376651758
IST,GRU,1.057251773823043
IST,DEN,3.0743597732311496
PVG,DXB,6.981513674211634
PVG,MUC,8.489441423870101
PVG,CDG,8.180103207670639
PVG,BKK,8.287319354582674
PVG,FRA,4.785322172861488
PVG,SHA,9.987846908487231
PVG,PEK,6.317586784389748
PVG,SEA,3.692934571734656
PVG,CAN,2.6148731502461047
PVG,SVO,1.0288652334967692
PVG,CLT,8.690319795816215
PVG,LAX,2.1594626084588078
PVG,MSP,1.8443799387995283
PVG,DFW,3.753978077755154
PVG,SFO,6.808285348606356
PVG,YYZ,6.498885618251595
PVG,ZRH,8.31094131928169
PVG,VIE,3.8157829784979267
PVG,MAD,1.4949507935438966
PVG,MIA,1.7532161058116476
PVG,PHL,7.909968547347956
PVG,LAS,3.68283617416485
PVG,LHR,9.015869990752703
PVG,MNL,3.9707515164288063
PVG,FCO,7.881095216382134
PVG,JFK,2.030213034907184
PVG,MEL,2.274619840639651
PVG,BOM,9.297550937745939
PVG,DEL,5.0582049693798545
PVG,BCN,3.4479916557470904
PVG,DTW,6.367618981802119
PVG,PHX,5.9679658726671425
PVG,DOH,7.41540503278109
PVG,SIN,8.132996823201722
PVG,ATL,3.4205827847205676
PVG,MCO,5.7769887266621
PVG,IAH,6.486470969950249
PVG,BRU,5.32025920434203
PVG,IST,9.9443702713463
PVG,AMS,6.90637322211861
PVG,ORD,5.406763298607346
PVG,KUL,9.44879145007869
PVG,CGK,7.984155329842565
PVG,NRT,4.737263516827598
PVG,HND,7.290857816124743
PVG,LGW,1.9266980815432335
PVG,SYD,4.710112323925685
PVG,GRU,9.35105365925523
PVG,DEN,3.8279232635799043
AMS,DXB,9.395075916288423
AMS,MUC,9.459897587895682
AMS,CDG,7.351802169346443
AMS,BKK,8.569274419732693
AMS,FRA,9.22074505533016
AMS,SHA,5.08595266062677
AMS,PEK,5.026175726895047
AMS,SEA,4.737580450808856
AMS,CAN,8.087131823988273
AMS,SVO,1.0799181593574856
AMS,CLT,5.174108956835158
AMS,LAX,5.820658907280513
AMS,MSP,2.7509744313307447
AMS,DFW,5.367716210329352
AMS,SFO,6.364844914600011
AMS,YYZ,3.249173695790394
AMS,ZRH,6.608347968070019
AMS,VIE,7.520740618850113
AMS,MAD,5.423195924416723
AMS,MIA,4.424775375843166
AMS,PHL,7.834962030208782
AMS,LAS,1.5600724057861495
AMS,LHR,6.821313365438975
AMS,MNL,7.37711026251759
AMS,FCO,4.862234440041932
AMS,JFK,8.889527326009432
AMS,MEL,8.900320601791773
AMS,BOM,8.234151460722954
AMS,DEL,5.125426041409288
AMS,BCN,5.081068961182229
AMS,DTW,1.474184112109263
AMS,PHX,9.736922061527595
AMS,DOH,9.192746517399083
AMS,SIN,6.1091254513739734
AMS,ATL,9.087046937543901
AMS,MCO,4.560578433850518
AMS,IAH,6.956213735540437
AMS,BRU,4.868403328178848
AMS,IST,5.772473824206807
AMS,PVG,7.1448851913648594
AMS,ORD,6.787174783640016
AMS,KUL,1.8332499191226423
AMS,CGK,4.428982833521424
AMS,NRT,4.663127775189967
AMS,HND,7.645086992141419
AMS,LGW,3.416988564575836
AMS,SYD,2.8569694694194805
AMS,GRU,3.5071282977195803
AMS,DEN,2.2523264737679205
ORD,DXB,8.079430472589006
ORD,MUC,5.318974533299634
ORD,CDG,7.203477230467965
ORD,BKK,7.209923651370802
ORD,FRA,7.344673413841058
ORD,SHA,5.473595848822579
ORD,PEK,8.856845089196213
ORD,SEA,1.6764667399694768
ORD,CAN,9.477948849575586
ORD,SVO,4.233087563719928
ORD,CLT,5.025220380368416
ORD,LAX,7.317333685161764
ORD,MSP,6.072585422797484
ORD,DFW,1.9287475143162944
ORD,SFO,4.8139075654354055
ORD,YYZ,3.4183010458081897
ORD,ZRH,4.5638685840846875
ORD,VIE,7.63057294269438
ORD,MAD,4.362486147698083
ORD,MIA,7.436483145986251
ORD,PHL,7.0595694577219925
ORD,LAS,8.37177367767239
ORD,LHR,2.7905446532344076
ORD,MNL,2.2982942233662147
ORD,FCO,4.183467721333811
ORD,JFK,4.378663584888452
ORD,MEL,5.529889304004786
ORD,BOM,6.1408397016128875
ORD,DEL,9.655587015762842
ORD,BCN,8.250074166988316
ORD,DTW,1.610676217259682
ORD,PHX,7.300899219779311
ORD,DOH,4.238607941574737
ORD,SIN,6.262027075779454
ORD,ATL,1.581687303822057
ORD,MCO,3.0286646189774493
ORD,IAH,3.9130531693317323
ORD,BRU,5.419633495229421
ORD,IST,3.019382979907158
ORD,PVG,1.1830172520623725
ORD,AMS,8.694826373015044
ORD,KUL,7.6557514941101505
ORD,CGK,1.1099096484717812
ORD,NRT,4.774804457807672
ORD,HND,5.6411864154916165
ORD,LGW,4.69294762961655
ORD,SYD,5.744314669584405
ORD,GRU,5.8159615718435465
ORD,DEN,5.818480873386317
KUL,DXB,9.80616602607286
KUL,MUC,2.224326092455742
KUL,CDG,9.284857812758782
KUL,BKK,6.897711040832968
KUL,FRA,3.3412744228840414
KUL,SHA,7.026032526969255
KUL,PEK,5.501922122363682
KUL,SEA,1.994008703203381
KUL,CAN,1.1192950119554017
KUL,SVO,9.014044771028274
KUL,CLT,7.279143552084239
KUL,LAX,6.550875090015828
KUL,MSP,9.706814347269255
KUL,DFW,9.553874578951016
KUL,SFO,6.626426705223147
KUL,YYZ,7.277671449720971
KUL,ZRH,4.5848729110393585
KUL,VIE,9.075481097404534
KUL,MAD,4.288352279117196
KUL,MIA,4.217849488890815
KUL,PHL,2.5456340990765263
KUL,LAS,6.553157244744268
KUL,LHR,5.087574585872186
KUL,MNL,4.9694463283934045
KUL,FCO,4.896222919690143
KUL,JFK,1.2027462600384418
KUL,MEL,2.9584847350728496
KUL,BOM,8.337982821741296
KUL,DEL,4.097383150016055
KUL,BCN,5.182862763731153
KUL,DTW,7.11080522463394
KUL,PHX,5.947352657181326
KUL,DOH,5.95310666802358
KUL,SIN,9.230686271517616
KUL,ATL,3.433985334694867
KUL,MCO,2.3492332112194716
KUL,IAH,5.262960760652549
KUL,BRU,1.1799830311732125
KUL,IST,9.231427415960592
KUL,PVG,6.069267270955211
KUL,AMS,2.3451609453844364
KUL,ORD,1.8635888310074065
KUL,CGK,3.972332425929756
KUL,NRT,1.7696171603349797
KUL,HND,2.124515868728236
KUL,LGW,8.952889310334825
KUL,SYD,7.386814565389852
KUL,GRU,6.976220212417406
KUL,DEN,3.3782122037003806
CGK,DXB,9.0877991640792
CGK,MUC,5.528572862653602
CGK,CDG,5.783676931649503
CGK,BKK,5.61300447832201
CGK,FRA,1.4087174975078431
CGK,SHA,1.0524864611218596
CGK,PEK,6.2913443850415005
CGK,SEA,8.453509295824013
CGK,CAN,6.793335952202215
CGK,SVO,8.29560418366967
CGK,CLT,3.946995770939353
CGK,LAX,2.826205180755509
CGK,MSP,4.003168307383866
CGK,DFW,2.692710411565085
CGK,SFO,5.423496210544023
CGK,YYZ,9.03341035353126
CGK,ZRH,2.3714279722863507
CGK,VIE,3.2954939674281674
CGK,MAD,4.459462731181935
CGK,MIA,5.684833201034598
CGK,PHL,7.5582954790014725
CGK,LAS,8.78072433268823
CGK,LHR,5.187115230629857
CGK,MNL,3.4452572467665687
CGK,FCO,5.960195217823918
CGK,JFK,8.935302446311983
CGK,MEL,1.9023615565261034
CGK,BOM,4.14654848339503
CGK,DEL,9.716755325250094
CGK,BCN,1.6018334687098013
CGK,DTW,6.858639153183029
CGK,PHX,7.966981502988327
CGK,DOH,8.245472095981853
CGK,SIN,9.546227663870615
CGK,ATL,7.755308834385349
CGK,MCO,8.68496275824005
CGK,IAH,7.297161470610919
CGK,BRU,9.06221743338813
CGK,IST,5.979265240093417
CGK,PVG,6.414056355514116
CGK,AMS,7.5966496117232385
CGK,ORD,7.643641584585342
CGK,KUL,7.280284767714032
CGK,NRT,1.6729620024025649
CGK,HND,3.9332018910966187
CGK,LGW,4.875087560204132
CGK,SYD,3.485957527126562
CGK,GRU,8.48382367955855
CGK,DEN,4.137083690885689
NRT,DXB,2.6512294442521624
NRT,MUC,1.9462101921127166
NRT,CDG,5.244030272787141
NRT,BKK,6.839131072360587
NRT,FRA,9.624536754617564
NRT,SHA,7.472054828426859
NRT,PEK,9.727529208040583
NRT,SEA,5.378121096008674
NRT,CAN,1.9736274088694206
NRT,SVO,4.777230755894307
NRT,CLT,8.490561311400079
NRT,LAX,4.6178054796242405
NRT,MSP,8.915512107950764
NRT,DFW,2.616129097476468
NRT,SFO,8.00542337173374
NRT,YYZ,7.000387378242398
NRT,ZRH,7.243570417708769
NRT,VIE,9.409731651622188
NRT,MAD,4.06104533106832
NRT,MIA,2.5855449224885785
NRT,PHL,5.988727634034481
NRT,LAS,9.235862254071778
NRT,LHR,9.695770161676716
NRT,MNL,8.38211809868458
NRT,FCO,8.605647455161536
NRT,JFK,8.26898929583491
NRT,MEL,9.811659394833418
NRT,BOM,7.253293439598576
NRT,DEL,7.635660526392725
NRT,BCN,1.149744514355838
NRT,DTW,6.473019576971144
NRT,PHX,3.882059698947798
NRT,DOH,1.564884691054932
NRT,SIN,6.893962167797106
NRT,ATL,7.748812600726084
NRT,MCO,1.9500534620652334
NRT,IAH,2.3592169321364493
NRT,BRU,1.9700512829721306
NRT,IST,8.081897014694754
NRT,PVG,3.017628740364272
NRT,AMS,2.112619517870437
NRT,ORD,8.68484081452724
NRT,KUL,6.43415878932559
NRT,CGK,2.232411085857465
NRT,HND,8.025013649001899
NRT,LGW,1.5051921103217305
NRT,SYD,8.454075957485141
NRT,GRU,2.5566145723985336
NRT,DEN,8.55572293667085
HND,DXB,9.183366221554735
HND,MUC,7.704294981176055
HND,CDG,6.407504301840387
HND,BKK,2.694039081893762
HND,FRA,4.801099479859541
HND,SHA,1.1873058376460195
HND,PEK,6.264376829277401
HND,SEA,7.225804644419282
HND,CAN,5.970497308831579
HND,SVO,4.955328860779346
HND,CLT,7.216908402653584
HND,LAX,5.619173322525263
HND,MSP,8.55031732041412
HND,DFW,8.79593352937393
HND,SFO,9.47921815607809
HND,YYZ,4.7508953217827585
HND,ZRH,6.963977149529026
HND,VIE,3.6539987613575473
HND,MAD,7.338144927968613
HND,MIA,9.64473561140752
HND,PHL,6.189986431131874
HND,LAS,1.7247663642539766
HND,LHR,7.125976024916893
HND,MNL,1.2366239976926483
HND,FCO,8.276954300357698
HND,JFK,4.357674320641044
HND,MEL,7.949103475209091
HND,BOM,3.144925415103296
HND,DEL,1.7895333046204158
HND,BCN,7.894287691365808
HND,DTW,1.9182227454548497
HND,PHX,1.8866266344571896
HND,DOH,9.225232962639287
HND,SIN,7.067616999826689
HND,ATL,1.6113767579747462
HND,MCO,5.9817078957044885
HND,IAH,5.37175178053753
HND,BRU,5.503639318649084
HND,IST,1.7802492620527304
HND,PVG,6.648121367348393
HND,AMS,8.660576868927846
HND,ORD,7.125901379096816
HND,KUL,4.361988634217694
HND,CGK,1.715932328726062
HND,NRT,2.9752199127860712
HND,LGW,6.656589934151074
HND,SYD,5.216273289654986
HND,GRU,6.4740683416497955
HND,DEN,4.672452818253774
LGW,DXB,8.420801075542233
LGW,MUC,6.860721307823019
LGW,CDG,9.416527454925006
LGW,BKK,7.947060818789799
LGW,FRA,4.386377369836037
LGW,SHA,4.462758228535545
LGW,PEK,3.147338189576299
LGW,SEA,7.391321881187213
LGW,CAN,7.223656728173876
LGW,SVO,1.6001917516087443
LGW,CLT,7.384958791777187
LGW,LAX,7.476517142522157
LGW,MSP,1.8786897266920288
LGW,DFW,5.939325011553794
LGW,SFO,7.616177097463416
LGW,YYZ,1.4091730168574945
LGW,ZRH,1.494764662296255
LGW,VIE,9.547016614601187
LGW,MAD,9.951571437476304
LGW,MIA,7.518560746316048
LGW,PHL,8.148612746494614
LGW,LAS,6.038313516062103
LGW,LHR,6.310872221542103
LGW,MNL,6.286345946257224
LGW,FCO,1.5920584597623784
LGW,JFK,1.1167500206489511
LGW,MEL,7.772943632296353
LGW,BOM,4.133349375182807
LGW,DEL,5.6580565270670204
LGW,BCN,4.053703601865855
LGW,DTW,5.535367850248396
LGW,PHX,5.61922104245889
LGW,DOH,4.181189960950377
LGW,SIN,9.066642614746868
LGW,ATL,9.62305014523822
LGW,MCO,6.400874960166391
LGW,IAH,6.935202343213656
LGW,BRU,4.25721980958986
LGW,IST,3.7469272309707393
LGW,PVG,6.39159184104315
LGW,AMS,6.818957493222843
LGW,ORD,6.666805963608723
LGW,KUL,8.178625845686712
LGW,CGK,7.538567615322135
LGW,NRT,7.66776553546811
LGW,HND,5.795363344421306
LGW,SYD,8.204018950705343
LGW,GRU,1.8586625691385725
LGW,DEN,9.398174936828417
SYD,DXB,5.17414198577099
SYD,MUC,8.860876759434046
SYD,CDG,2.7963234283835448
SYD,BKK,8.770878042522824
SYD,FRA,2.6935757073034545
SYD,SHA,6.540431918640251
SYD,PEK,1.4234287876729845
SYD,SEA,9.903335102947425
SYD,CAN,1.0566881829776982
SYD,SVO,7.8225785543999695
SYD,CLT,7.083236310864352
SYD,LAX,5.161691660364335
SYD,MSP,3.946348639619032
SYD,DFW,1.801920872277499
SYD,SFO,4.471168208632593
SYD,YYZ,7.50907085681029
SYD,ZRH,9.507178123900406
SYD,VIE,4.040240222071322
SYD,MAD,9.8347537219693
SYD,MIA,3.256449971555016
SYD,PHL,2.1165149375941907
SYD,LAS,4.583174323679025
SYD,LHR,8.276923826222824
SYD,MNL,9.982749073957539
SYD,FCO,7.019338390405485
SYD,JFK,2.816683832720174
SYD,MEL,2.9515474788251255
SYD,BOM,1.5989972644181123
SYD,DEL,1.7230875767419458
SYD,BCN,8.492437244173399
SYD,DTW,5.368942145392994
SYD,PHX,9.716577782077378
SYD,DOH,4.589138741292785
SYD,SIN,9.7329498308971
SYD,ATL,2.1299438252242506
SYD,MCO,5.1463056574013
SYD,IAH,2.820444341580038
SYD,BRU,5.753686657227794
SYD,IST,7.158479214218107
SYD,PVG,5.283409904123891
SYD,AMS,8.870300492130935
SYD,ORD,5.684540919886092
SYD,KUL,5.908563459816188
SYD,CGK,6.131644450765393
SYD,NRT,7.192704208448641
SYD,HND,6.239183221101021
SYD,LGW,6.668373539637186
SYD,GRU,8.173269450938655
SYD,DEN,9.79961249859523
GRU,DXB,5.343191596374929
GRU,MUC,7.834266462174861
GRU,CDG,2.375308509553574
GRU,BKK,3.8487119910347753
GRU,FRA,4.662388007060288
GRU,SHA,9.569385498877052
GRU,PEK,7.14756683740555
GRU,SEA,1.1528340682840765
GRU,CAN,9.971339639212568
GRU,SVO,9.67972959548073
GRU,CLT,6.818433822162797
GRU,LAX,6.736609447974911
GRU,MSP,1.0332180385671237
GRU,DFW,2.4872132679835994
GRU,SFO,8.283097645026075
GRU,YYZ,8.330022721091177
GRU,ZRH,8.8572150070497
GRU,VIE,7.677269502987995
GRU,MAD,9.035496742767021
GRU,MIA,2.0635979783468006
GRU,PHL,6.622477333051632
GRU,LAS,3.5207854139017325
GRU,LHR,3.4847086081392673
GRU,MNL,4.678220880378048
GRU,FCO,9.21840326693321
GRU,JFK,5.770091437684889
GRU,MEL,3.422337087253741
GRU,BOM,5.194408094958143
GRU,DEL,2.611139965511676
GRU,BCN,9.672628578871468
GRU,DTW,4.346578613532936
GRU,PHX,7.08280773286803
GRU,DOH,7.232191975635288
GRU,SIN,1.0430575561160411
GRU,ATL,1.4936237735277218
GRU,MCO,7.693864957991479
GRU,IAH,2.689844790416357
GRU,BRU,6.1390873978271
GRU,IST,1.1894628080001846
GRU,PVG,9.551024721843046
GRU,AMS,8.013201337096216
GRU,ORD,8.79459869337244
GRU,KUL,7.16429795413086
GRU,CGK,4.398201390547882
GRU,NRT,7.15156226364764
GRU,HND,9.900031999935148
GRU,LGW,2.805074749587746
GRU,SYD,4.088838148387837
GRU,DEN,3.3660346957306793
DEN,DXB,4.5032618390254715
DEN,MUC,8.247814515108363
DEN,CDG,2.3117558194523973
DEN,BKK,9.020366649381247
DEN,FRA,2.809581167455
DEN,SHA,7.2131342640708445
DEN,PEK,3.4397526117564072
DEN,SEA,9.713002422910263
DEN,CAN,7.208167862814749
DEN,SVO,2.9424921229634298
DEN,CLT,7.602868663385094
DEN,LAX,3.356255963236036
DEN,MSP,4.993330329896461
DEN,DFW,7.267491100244681
DEN,SFO,8.938817525284971
DEN,YYZ,3.9247966283515328
DEN,ZRH,9.728374803591622
DEN,VIE,8.470388303221707
DEN,MAD,1.7424424419042126
DEN,MIA,7.368106179032617
DEN,PHL,5.0260057348043174
DEN,LAS,7.8579649950554105
DEN,LHR,8.325891603785548
DEN,MNL,7.278336055702195
DEN,FCO,7.240813488478208
DEN,JFK,2.70029811223065
DEN,MEL,1.2796098136962188
DEN,BOM,2.7481441199590497
DEN,DEL,9.802730072201857
DEN,BCN,9.576779303264944
DEN,DTW,3.6877988313204835
DEN,PHX,3.519842767368916
DEN,DOH,5.343230599865909
DEN,SIN,7.359387296867073
DEN,ATL,2.7892118001711452
DEN,MCO,1.4165813470736448
DEN,IAH,6.807952474610786
DEN,BRU,3.972690721369158
DEN,IST,4.6998871900246275
DEN,PVG,4.861023719263294
DEN,AMS,9.960304425295103
DEN,ORD,1.4948240320498403
DEN,KUL,8.592620865885856
DEN,CGK,3.3625975921130316
DEN,NRT,2.8716009678055356
DEN,HND,9.208609952557119
DEN,LGW,4.62468677285767
DEN,SYD,1.233149978178329
DEN,GRU,8.61433727682357
